GEO.id,Id
GEO.id2,Id2
GEO.display-label,Geography
HD01_VD01,Estimate; Total:
HD02_VD01,Margin of Error; Total:
HD01_VD02,Estimate; Male:
HD02_VD02,Margin of Error; Male:
HD01_VD03,Estimate; Male: - Enrolled in school:
HD02_VD03,Margin of Error; Male: - Enrolled in school:
HD01_VD04,"Estimate; Male: - Enrolled in school: - Enrolled in nursery school, preschool:"
HD02_VD04,"Margin of Error; Male: - Enrolled in school: - Enrolled in nursery school, preschool:"
HD01_VD05,"Estimate; Male: - Enrolled in school: - Enrolled in nursery school, preschool: - Public school"
HD02_VD05,"Margin of Error; Male: - Enrolled in school: - Enrolled in nursery school, preschool: - Public school"
HD01_VD06,"Estimate; Male: - Enrolled in school: - Enrolled in nursery school, preschool: - Private school"
HD02_VD06,"Margin of Error; Male: - Enrolled in school: - Enrolled in nursery school, preschool: - Private school"
HD01_VD07,Estimate; Male: - Enrolled in school: - Enrolled in kindergarten:
HD02_VD07,Margin of Error; Male: - Enrolled in school: - Enrolled in kindergarten:
HD01_VD08,Estimate; Male: - Enrolled in school: - Enrolled in kindergarten: - Public school
HD02_VD08,Margin of Error; Male: - Enrolled in school: - Enrolled in kindergarten: - Public school
HD01_VD09,Estimate; Male: - Enrolled in school: - Enrolled in kindergarten: - Private school
HD02_VD09,Margin of Error; Male: - Enrolled in school: - Enrolled in kindergarten: - Private school
HD01_VD10,Estimate; Male: - Enrolled in school: - Enrolled in grade 1 to grade 4:
HD02_VD10,Margin of Error; Male: - Enrolled in school: - Enrolled in grade 1 to grade 4:
HD01_VD11,Estimate; Male: - Enrolled in school: - Enrolled in grade 1 to grade 4: - Public school
HD02_VD11,Margin of Error; Male: - Enrolled in school: - Enrolled in grade 1 to grade 4: - Public school
HD01_VD12,Estimate; Male: - Enrolled in school: - Enrolled in grade 1 to grade 4: - Private school
HD02_VD12,Margin of Error; Male: - Enrolled in school: - Enrolled in grade 1 to grade 4: - Private school
HD01_VD13,Estimate; Male: - Enrolled in school: - Enrolled in grade 5 to grade 8:
HD02_VD13,Margin of Error; Male: - Enrolled in school: - Enrolled in grade 5 to grade 8:
HD01_VD14,Estimate; Male: - Enrolled in school: - Enrolled in grade 5 to grade 8: - Public school
HD02_VD14,Margin of Error; Male: - Enrolled in school: - Enrolled in grade 5 to grade 8: - Public school
HD01_VD15,Estimate; Male: - Enrolled in school: - Enrolled in grade 5 to grade 8: - Private school
HD02_VD15,Margin of Error; Male: - Enrolled in school: - Enrolled in grade 5 to grade 8: - Private school
HD01_VD16,Estimate; Male: - Enrolled in school: - Enrolled in grade 9 to grade 12:
HD02_VD16,Margin of Error; Male: - Enrolled in school: - Enrolled in grade 9 to grade 12:
HD01_VD17,Estimate; Male: - Enrolled in school: - Enrolled in grade 9 to grade 12: - Public school
HD02_VD17,Margin of Error; Male: - Enrolled in school: - Enrolled in grade 9 to grade 12: - Public school
HD01_VD18,Estimate; Male: - Enrolled in school: - Enrolled in grade 9 to grade 12: - Private school
HD02_VD18,Margin of Error; Male: - Enrolled in school: - Enrolled in grade 9 to grade 12: - Private school
HD01_VD19,Estimate; Male: - Enrolled in school: - Enrolled in college undergraduate years:
HD02_VD19,Margin of Error; Male: - Enrolled in school: - Enrolled in college undergraduate years:
HD01_VD20,Estimate; Male: - Enrolled in school: - Enrolled in college undergraduate years: - Public school
HD02_VD20,Margin of Error; Male: - Enrolled in school: - Enrolled in college undergraduate years: - Public school
HD01_VD21,Estimate; Male: - Enrolled in school: - Enrolled in college undergraduate years: - Private school
HD02_VD21,Margin of Error; Male: - Enrolled in school: - Enrolled in college undergraduate years: - Private school
HD01_VD22,Estimate; Male: - Enrolled in school: - Enrolled in graduate or professional school:
HD02_VD22,Margin of Error; Male: - Enrolled in school: - Enrolled in graduate or professional school:
HD01_VD23,Estimate; Male: - Enrolled in school: - Enrolled in graduate or professional school: - Public school
HD02_VD23,Margin of Error; Male: - Enrolled in school: - Enrolled in graduate or professional school: - Public school
HD01_VD24,Estimate; Male: - Enrolled in school: - Enrolled in graduate or professional school: - Private school
HD02_VD24,Margin of Error; Male: - Enrolled in school: - Enrolled in graduate or professional school: - Private school
HD01_VD25,Estimate; Male: - Not enrolled in school
HD02_VD25,Margin of Error; Male: - Not enrolled in school
HD01_VD26,Estimate; Female:
HD02_VD26,Margin of Error; Female:
HD01_VD27,Estimate; Female: - Enrolled in school:
HD02_VD27,Margin of Error; Female: - Enrolled in school:
HD01_VD28,"Estimate; Female: - Enrolled in school: - Enrolled in nursery school, preschool:"
HD02_VD28,"Margin of Error; Female: - Enrolled in school: - Enrolled in nursery school, preschool:"
HD01_VD29,"Estimate; Female: - Enrolled in school: - Enrolled in nursery school, preschool: - Public school"
HD02_VD29,"Margin of Error; Female: - Enrolled in school: - Enrolled in nursery school, preschool: - Public school"
HD01_VD30,"Estimate; Female: - Enrolled in school: - Enrolled in nursery school, preschool: - Private school"
HD02_VD30,"Margin of Error; Female: - Enrolled in school: - Enrolled in nursery school, preschool: - Private school"
HD01_VD31,Estimate; Female: - Enrolled in school: - Enrolled in kindergarten:
HD02_VD31,Margin of Error; Female: - Enrolled in school: - Enrolled in kindergarten:
HD01_VD32,Estimate; Female: - Enrolled in school: - Enrolled in kindergarten: - Public school
HD02_VD32,Margin of Error; Female: - Enrolled in school: - Enrolled in kindergarten: - Public school
HD01_VD33,Estimate; Female: - Enrolled in school: - Enrolled in kindergarten: - Private school
HD02_VD33,Margin of Error; Female: - Enrolled in school: - Enrolled in kindergarten: - Private school
HD01_VD34,Estimate; Female: - Enrolled in school: - Enrolled in grade 1 to grade 4:
HD02_VD34,Margin of Error; Female: - Enrolled in school: - Enrolled in grade 1 to grade 4:
HD01_VD35,Estimate; Female: - Enrolled in school: - Enrolled in grade 1 to grade 4: - Public school
HD02_VD35,Margin of Error; Female: - Enrolled in school: - Enrolled in grade 1 to grade 4: - Public school
HD01_VD36,Estimate; Female: - Enrolled in school: - Enrolled in grade 1 to grade 4: - Private school
HD02_VD36,Margin of Error; Female: - Enrolled in school: - Enrolled in grade 1 to grade 4: - Private school
HD01_VD37,Estimate; Female: - Enrolled in school: - Enrolled in grade 5 to grade 8:
HD02_VD37,Margin of Error; Female: - Enrolled in school: - Enrolled in grade 5 to grade 8:
HD01_VD38,Estimate; Female: - Enrolled in school: - Enrolled in grade 5 to grade 8: - Public school
HD02_VD38,Margin of Error; Female: - Enrolled in school: - Enrolled in grade 5 to grade 8: - Public school
HD01_VD39,Estimate; Female: - Enrolled in school: - Enrolled in grade 5 to grade 8: - Private school
HD02_VD39,Margin of Error; Female: - Enrolled in school: - Enrolled in grade 5 to grade 8: - Private school
HD01_VD40,Estimate; Female: - Enrolled in school: - Enrolled in grade 9 to grade 12:
HD02_VD40,Margin of Error; Female: - Enrolled in school: - Enrolled in grade 9 to grade 12:
HD01_VD41,Estimate; Female: - Enrolled in school: - Enrolled in grade 9 to grade 12: - Public school
HD02_VD41,Margin of Error; Female: - Enrolled in school: - Enrolled in grade 9 to grade 12: - Public school
HD01_VD42,Estimate; Female: - Enrolled in school: - Enrolled in grade 9 to grade 12: - Private school
HD02_VD42,Margin of Error; Female: - Enrolled in school: - Enrolled in grade 9 to grade 12: - Private school
HD01_VD43,Estimate; Female: - Enrolled in school: - Enrolled in college undergraduate years:
HD02_VD43,Margin of Error; Female: - Enrolled in school: - Enrolled in college undergraduate years:
HD01_VD44,Estimate; Female: - Enrolled in school: - Enrolled in college undergraduate years: - Public school
HD02_VD44,Margin of Error; Female: - Enrolled in school: - Enrolled in college undergraduate years: - Public school
HD01_VD45,Estimate; Female: - Enrolled in school: - Enrolled in college undergraduate years: - Private school
HD02_VD45,Margin of Error; Female: - Enrolled in school: - Enrolled in college undergraduate years: - Private school
HD01_VD46,Estimate; Female: - Enrolled in school: - Enrolled in graduate or professional school:
HD02_VD46,Margin of Error; Female: - Enrolled in school: - Enrolled in graduate or professional school:
HD01_VD47,Estimate; Female: - Enrolled in school: - Enrolled in graduate or professional school: - Public school
HD02_VD47,Margin of Error; Female: - Enrolled in school: - Enrolled in graduate or professional school: - Public school
HD01_VD48,Estimate; Female: - Enrolled in school: - Enrolled in graduate or professional school: - Private school
HD02_VD48,Margin of Error; Female: - Enrolled in school: - Enrolled in graduate or professional school: - Private school
HD01_VD49,Estimate; Female: - Not enrolled in school
HD02_VD49,Margin of Error; Female: - Not enrolled in school
